Top queries,Clicks,Impressions,CTR,Position
avto test,329,489,67.28%,1.12
avtotest,237,355,66.76%,1.23
prava test,93,168,55.36%,1.22
avto test ishlash,78,146,53.42%,1.14
avto test 2026,70,226,30.97%,1.92
avtotest uz,69,105,65.71%,1.06
avto test uz,56,84,66.67%,1.05
prava test online,38,60,63.33%,1.22
автотест,30,41,73.17%,1.2
avto test online 2026,27,147,18.37%,1.94
avtotest 2026,19,64,29.69%,2.03
yo'l harakati qoidalari test,19,60,31.67%,1.45
avtotest online,19,28,67.86%,1.04
afto test,18,24,75%,1
prava test 2026,17,31,54.84%,1.19
авто тест,16,28,57.14%,1.18
onlayn avto test,14,37,37.84%,1.59
avto test online,13,26,50%,1.15
avto test ishlash 2026,12,24,50%,1
авто тест 2026,11,35,31.43%,2.2
aftotest,9,13,69.23%,1
auto test,9,13,69.23%,2.23
avto test 20 savol,7,13,53.85%,1
автотест 2026,6,44,13.64%,2.27
prava test savollari 2026,6,16,37.5%,1.06
avto test 1000 savol javoblar pdf,6,14,42.86%,3.14
e avtomaktab,5,1763,0.28%,4.01
avto test 1000 savol javoblar,5,36,13.89%,1.97
avto maktab test,5,10,50%,2.3
права тест,5,9,55.56%,2.44
prava testlari,5,8,62.5%,1
avto test 1000 savol online,5,7,71.43%,1.14
avto test shablon,5,6,83.33%,1.5
yo l harakati qoidalari test,4,13,30.77%,1.62
avtotest.uz,4,7,57.14%,1
автотест уз,4,7,57.14%,1
autotest uz,4,6,66.67%,1.17
prova test,4,4,100%,1.25
eavtomaktab,3,324,0.93%,4.48
avto test 700 savol online,3,16,18.75%,1.69
авто имтихон 2026,3,13,23.08%,2.62
avto test online uz,3,11,27.27%,1.27
авто тест шаблон узбекистан,3,11,27.27%,2.64
avtomaktab test,3,10,30%,2.8
avto test 1000 savol 2025,3,8,37.5%,1
avtotest uz 2026,3,7,42.86%,1.29
yol harakati qoidalari test,3,6,50%,1.17
e avto test,3,6,50%,2.83
prava online test,3,5,60%,1
afta test,3,5,60%,1.2
йул харакати коидалари тест,3,5,60%,1.4
е автомактаб тест,3,5,60%,2.6
real imtihon,3,4,75%,1
test avtomaktab,3,4,75%,1.5
avtotest test,3,3,100%,1
test avtotest,3,3,100%,1
avto imtihon,2,48,4.17%,3
prava uz,2,28,7.14%,5.79
avto test savollari,2,16,12.5%,1.62
авто тест 2026 узбек тилида,2,7,28.57%,1.86
права тест 2026 узбекистан,2,7,28.57%,2.86
avto testlar,2,5,40%,1
авто тест онлайн,2,5,40%,1.6
yo l harakati qoidalari test 2026,2,5,40%,1.8
afto,2,5,40%,2.2
online avtotest,2,4,50%,1
yol harakati test,2,4,50%,1.5
е авто тест,2,4,50%,2.75
avtotest.uz 2026,2,3,66.67%,1
prava test javoblari,2,3,66.67%,1.33
auto test 2026,2,3,66.67%,1.67
avto imtihon test,2,3,66.67%,2
autotest,2,3,66.67%,9
autotest online,2,2,100%,1
avtotestu.uz,2,2,100%,1
test prava,2,2,100%,1
avtotestuz,2,2,100%,1.5
e avto talim,1,197,0.51%,5.35
e avtomaktab test online,1,41,2.44%,2.27
prava test savollari,1,35,2.86%,2.43
e avtotalim uz,1,29,3.45%,7.9
prava uz test,1,25,4%,3.32
test ishlash,1,18,5.56%,3.67
yhq test,1,14,7.14%,2
avto test 1000 savol 2026 скачать,1,14,7.14%,2.79
yhq 2026,1,11,9.09%,3.64
online prava olish,1,11,9.09%,5.45
yol harakati qoidalari 2026,1,11,9.09%,8.82
yol qoidalari test,1,10,10%,2.2
yhq 2026 test,1,9,11.11%,2.22
prava test uz,1,6,16.67%,3
автотест узбекистан,1,6,16.67%,5.5
avtotest markazi,1,5,20%,3.2
авто тест уз,1,4,25%,1.25
prava savollari,1,4,25%,2.5
авто имтихон,1,4,25%,3
тез права,1,4,25%,3.25
prva test,1,4,25%,6.5
avto test 2025,1,3,33.33%,1
prava imtihon testlari,1,3,33.33%,1
yoʻl harakati qoidalari test,1,3,33.33%,1
yõl harakati qoidalari test,1,3,33.33%,1
права олиш учун тест,1,3,33.33%,1
e talim test,1,3,33.33%,6.33
йул харакати коидалари 2026 йил,1,3,33.33%,8
avto test imtihon,1,2,50%,1
йул харакати коидалари 2025 тест,1,2,50%,1
авто тест шаблон,1,2,50%,1.5
права тестлари,1,2,50%,1.5
prava testi,1,2,50%,2
yõl harakati qoidalari test yechish,1,2,50%,2
avto test 1000,1,2,50%,2.5
авто тест 2025,1,2,50%,2.5
pravachi,1,2,50%,3
yhq test 2026,1,2,50%,3
avto exam,1,2,50%,3.5
prava uz online,1,2,50%,8
auto test online,1,1,100%,1
autotest test,1,1,100%,1
avt test,1,1,100%,1
avto imtihon online,1,1,100%,1
avto test onlayn,1,1,100%,1
avtoskola test,1,1,100%,1
avtotest uz test,1,1,100%,1
online avto test,1,1,100%,1
prava olish uchun test savollari,1,1,100%,1
prava olish uchun testlar,1,1,100%,1
shablon testlar,1,1,100%,1
yo l harakati qoidalari test online,1,1,100%,1
yo'l harakati qoidalari online test,1,1,100%,1
авто тест онлайн узбек тилида,1,1,100%,1
автотест онлайн,1,1,100%,1
йул харакати коидалари 2026 тест,1,1,100%,1
онлайн автотест,1,1,100%,1
фмещ еуые,1,1,100%,1
afto test 2026,1,1,100%,2
avtotest savollari,1,1,100%,2
test avto,1,1,100%,2
avto test 2026 скачать,1,1,100%,3
e maktab test yechish,1,1,100%,3
haydovchilik guvohnomasi test,1,1,100%,3
eavtotest,1,1,100%,4
oson prava - avto test 2026,1,1,100%,6
тест уз,1,1,100%,6
yo'l harakati,1,1,100%,12
e-avtomaktab,0,348,0%,3.79
oson prava,0,180,0%,6.9
е автомактаб,0,123,0%,5.08
e.avtomaktab,0,97,0%,3.81
eavtotalim,0,96,0%,8.42
e avto maktab,0,94,0%,4.06
e avtotalim,0,93,0%,8.1
e avtomaktab uz,0,59,0%,3.73
e avtota'lim,0,52,0%,8.17
eavtotalim.uz,0,50,0%,7.68
e avtomaktab testni boshlash,0,43,0%,2.14
e avtomaktab uz test,0,36,0%,2.06
e-avtota'lim,0,36,0%,8.53
e avtomaktab test,0,32,0%,2.12
e test,0,32,0%,5.31
avto imtihon 2026,0,30,0%,2.93
2026 йил тест саволлари ва жавоблари,0,29,0%,7.66
ptest uz,0,27,0%,5.3
e avto maktab uz,0,26,0%,3.27
avtoimtihon.uz,0,24,0%,3.96
y avtomaktab,0,23,0%,3.04
onlayn test yechish,0,23,0%,9.61
tez prava,0,21,0%,7.67
e-avtomaktab.uz,0,20,0%,3.45
е avtotalim,0,20,0%,8.8
avto imtihon uz,0,19,0%,3.37
tez prava uz,0,19,0%,7.37
eavtotalim test,0,17,0%,5.29
e-test,0,17,0%,5.41
avto maktab,0,17,0%,6.53
y avtomaktab uz,0,16,0%,2.31
a test.uz,0,16,0%,7.56
e avto talim test,0,15,0%,5
e-avtomaktab test,0,14,0%,2.29
oson avto test,0,14,0%,4.5
avtomaktab,0,14,0%,8
shablon test,0,13,0%,1.92
avto test 2026 online,0,13,0%,2.23
yo'l harakati qoidalari,0,13,0%,6.85
rulionline.uz avto test,0,13,0%,7.08
e avtomaktab test savollari,0,12,0%,2.33
e aftomaktab,0,12,0%,3.92
avtoimtihon,0,12,0%,4.58
еавто,0,12,0%,5.08
ptest.uz-haydovchilik,0,12,0%,6
online test yechish,0,12,0%,9.75
е-автомактаб,0,11,0%,5.55
ru online,0,11,0%,5.91
p test uz,0,11,0%,6.73
test yechish,0,11,0%,8.45
ru online uz,0,10,0%,3.1
e- avtomaktab,0,10,0%,4.4
oson prava avto test 2026,0,10,0%,4.6
е.автомактаб,0,10,0%,4.8
avto talim uz,0,10,0%,6.8
oson prava uz,0,10,0%,7.6
е avtotalim uz,0,10,0%,8.7
йўл ҳаракати қоидалари тест,0,9,0%,2.78
е автомактаб uz,0,9,0%,3.67
avtotestpro.uz,0,9,0%,4.89
avto talim,0,9,0%,5.22
е avtomaktab,0,9,0%,5.56
e avtomaktab vatanparvar,0,9,0%,6.11
avtotest pro uz,0,8,0%,4.25
avtotest school,0,8,0%,5.25
avtotest express,0,8,0%,7
2026 тест саволлари ва жавоблари,0,8,0%,8.75
avtomaktab online,0,7,0%,4.14
avtotalim,0,7,0%,5.43
avto test uz skachat,0,7,0%,5.86
etalim,0,7,0%,8.86
имтихон,0,7,0%,10
е автомактаб онлайн тест,0,6,0%,2
vatanparvar avtomaktab test,0,6,0%,2.67
p test avto,0,6,0%,3
oson avto test. uz,0,6,0%,3.33
www avtotestpro uz,0,6,0%,3.5
e test.uz,0,6,0%,3.67
э автомактаб,0,6,0%,4.67
avtoimtixon,0,6,0%,5.17
prava uz skachat kompyuter,0,6,0%,5.17
p test,0,6,0%,6
e-avtomaktab vatanparvar,0,6,0%,6.83
test uz ru imtihon javoblari,0,6,0%,7
e avtotalim.uz,0,6,0%,8
e.avtota'lim,0,6,0%,8.33
eavtotalim uz,0,6,0%,8.33
e-avtotalim.uz,0,6,0%,10
prava uz test online,0,5,0%,3
avtomaktab uz,0,5,0%,3.8
avto shablonlar uz,0,5,0%,4
pravaga test,0,5,0%,4.4
premier avtotest.uz,0,5,0%,4.4
avtoshablon,0,5,0%,4.6
avtotestpro,0,5,0%,5.8
prava uz skachat,0,5,0%,6
autotest school,0,5,0%,6.6
rulionline uz avto test,0,5,0%,7
avto test skachat,0,5,0%,7.4
yõl harakati qoidalari,0,5,0%,7.4
eavtomaktab.uz,0,5,0%,7.8
йхх коидалари,0,5,0%,8.2
premieravtotest,0,4,0%,2
e avtotest,0,4,0%,2.25
avtoexam,0,4,0%,2.75
y avto maktab,0,4,0%,2.75
yo'l harakati qoidalari 2026 test,0,4,0%,2.75
e avta maktab,0,4,0%,3
e автомактаб,0,4,0%,3
е авто мактаб,0,4,0%,3
e. avtomaktab,0,4,0%,3.5
e auto maktab,0,4,0%,3.75
e avto,0,4,0%,3.75
e-avto,0,4,0%,4
авто тест узбекистан,0,4,0%,4.5
avto test pro,0,4,0%,5.5
ishonchli uz,0,4,0%,5.5
e talim,0,4,0%,7.5
авто мактаб,0,4,0%,8.25
rullion test,0,4,0%,8.75
имтихон тест саволлари,0,4,0%,8.75
тест бор уз,0,4,0%,9
1.22 yol belgisi,0,3,0%,1
yo'l belgilari,0,3,0%,1
avto prava,0,3,0%,1.33
avto test javoblari,0,3,0%,1.33
yol belgilari,0,3,0%,1.67
авто тест узбекча,0,3,0%,1.67
avto test programmasi,0,3,0%,2
e avto maktab test,0,3,0%,2
test prava uz,0,3,0%,2
e afto maktab,0,3,0%,2.33
avto test 1000+ savol 2025 скачать,0,3,0%,2.67
prava imtihon,0,3,0%,2.67
е автомактаб уз,0,3,0%,2.67
avtoimtihon 2026,0,3,0%,3
eavtomaktab uz,0,3,0%,3
emaktab avto test,0,3,0%,3
автомактаб тест саволлари,0,3,0%,3.33
avto test markazi,0,3,0%,3.67
avto test 1000 скачать,0,3,0%,4
avtoshablon.uz,0,3,0%,4
pravaga tayyorgarlik,0,3,0%,4
a test uz,0,3,0%,4.67
afto tes,0,3,0%,4.67
avto shablonlar,0,3,0%,4.67
avtotest pro,0,3,0%,5
e-avto talim,0,3,0%,5
e-test.uz,0,3,0%,5
prava ol,0,3,0%,5.67
e avto talim uz,0,3,0%,6
ruli online test,0,3,0%,6.33
автомактаб,0,3,0%,7
имтихон тест саволлари 2026,0,3,0%,7.33
yo'l harakati qoidalari 2026,0,3,0%,8.33
test savollari 2026,0,3,0%,8.67
2026 test savollari,0,3,0%,9
oson prava скачать,0,3,0%,9
parava,0,3,0%,9
e-avtotalim,0,3,0%,9.33
тест саволлари ва жавоблари 2026,0,3,0%,9.33
йул харакати коидалари 2026,0,3,0%,9.67
new.premieravtotest2.uz,0,2,0%,1
автотест саволлари,0,2,0%,1
фмещеуые,0,2,0%,1
ypx test savollari,0,2,0%,1.5
avtotest tayyorlov,0,2,0%,2
avtotester.uz,0,2,0%,2
автомактаб уз,0,2,0%,2
2026 avto test,0,2,0%,2.5
права уз тест,0,2,0%,2.5
avto test 1000 savol,0,2,0%,3
авто имтихон тест,0,2,0%,3
е афта мактаб,0,2,0%,3
шаблон тестлар,0,2,0%,3
e-avtomaktab uz,0,2,0%,3.5
prava imtihon savollari,0,2,0%,3.5
rulli online test,0,2,0%,3.5
avto test 1000 savol 2025 скачать,0,2,0%,4
e afta maktab,0,2,0%,4
in talim avto test 2026,0,2,0%,4
ogohlantiruvchi belgilar,0,2,0%,4
rulli online,0,2,0%,4
avto test amaliy imtihon,0,2,0%,4.5
yim uz,0,2,0%,4.5
авто шаблон,0,2,0%,4.5
e maktab test savollari,0,2,0%,5
rulionline uz test,0,2,0%,5
йул харакати коидалари тест саволлари скачать,0,2,0%,5
п тест уз,0,2,0%,5
avto test 1000 скачать на компьютер,0,2,0%,5.5
avtotest skachat,0,2,0%,5.5
e test uz,0,2,0%,5.5
yo'l harakati qoidalari test kompyuter skachat,0,2,0%,5.5
avto test begzod,0,2,0%,6
avtomaktabonline,0,2,0%,6
avtotest express.uz,0,2,0%,6
imtihon prava,0,2,0%,6
tist,0,2,0%,6
yõl harakati qoidalari 2026,0,2,0%,6
автотест узбекистан скачать бесплатно,0,2,0%,6
rullonline p test uz,0,2,0%,6.5
avtoshablonlar.uz,0,2,0%,7
imtixon markazi,0,2,0%,7
oson prava test,0,2,0%,7
test savollari,0,2,0%,7
рули онлайн уз,0,2,0%,7
e.avtotalim,0,2,0%,7.5
prava 2026,0,2,0%,7.5
yo l harakati qoidalari,0,2,0%,7.5
e avtota lim,0,2,0%,8
pddtest.uz,0,2,0%,8
rulonline,0,2,0%,8
uztest,0,2,0%,8
onlayn testlar,0,2,0%,8.5
avto uz,0,2,0%,10
yhq,0,2,0%,10
права олиш,0,2,0%,10
3.7 yol belgisi,0,1,0%,1
ato test,0,1,0%,1
auto chet,0,1,0%,1
avta test,0,1,0%,1
avto test savollari nechta,0,1,0%,1
ha,0,1,0%,1
yo l harakati qoidalari test 1000,0,1,0%,1
автотест 2025,0,1,0%,1
правага тест,0,1,0%,1
avtomaktab test savollari,0,1,0%,2
avtotest rul,0,1,0%,2
e avtotest uz,0,1,0%,2
e-avtomaktab testni boshlash,0,1,0%,2
eavtomaktab.uz test,0,1,0%,2
haydovchilik guvohnomasi imtihon savollari,0,1,0%,2
imtihon avto test,0,1,0%,2
imtihon test prava,0,1,0%,2
imtihon yhq test 2026,0,1,0%,2
ogʻirlash taqiqlanadi,0,1,0%,2
online prava test,0,1,0%,2
online test prava,0,1,0%,2
prava imtihon test,0,1,0%,2
prava olish uchun imtihon savollari,0,1,0%,2
pravaga test topshirish,0,1,0%,2
pravatest,0,1,0%,2
uztest uz,0,1,0%,2
yo’l belgilari,0,1,0%,2
yõl harakati qoidalari online test,0,1,0%,2
авто тест узбекча скачать,0,1,0%,2
афта тест,0,1,0%,2
права олиш учун тест саволлари,0,1,0%,2
avto test 1000 savol 2026,0,1,0%,3
e-avto maktab,0,1,0%,3
kategoriya test,0,1,0%,3
notekis yol belgisi,0,1,0%,3
pdd uz test,0,1,0%,3
prava kitobi,0,1,0%,3
test uz,0,1,0%,3
uzavtotest,0,1,0%,3
авто мактаб uz,0,1,0%,3
е avtomaktab uz,0,1,0%,3
еавто тест,0,1,0%,3
aftomaktab,0,1,0%,4
auto shablon uz,0,1,0%,4
avto maktab uz,0,1,0%,4
avto test pdf,0,1,0%,4
avtoshablon uz,0,1,0%,4
avtotest uz скачать,0,1,0%,4
e avtomakta,0,1,0%,4
e avtomaktab.uz,0,1,0%,4
e imtihon,0,1,0%,4
e maktab test ishlash,0,1,0%,4
examen auto online,0,1,0%,4
pirava,0,1,0%,4
prava uzb,0,1,0%,4
pravaga tayyorlanish,0,1,0%,4
test avtoilm uz,0,1,0%,4
ye avto maktab,0,1,0%,4
yol hereketi qaydalari test,0,1,0%,4
yxq,0,1,0%,4
yxq 2026,0,1,0%,4
осон авто тест,0,1,0%,4
тестлар,0,1,0%,4
5.25 belgi,0,1,0%,5
avto test imtihon markazi,0,1,0%,5
avtotest 2026 скачать,0,1,0%,5
e vatanparvar test,0,1,0%,5
imtihon test,0,1,0%,5
prava test topshirish,0,1,0%,5
pravauz,0,1,0%,5
teslar,0,1,0%,5
yoʻl qoidasi uz,0,1,0%,5
автотест скачать,0,1,0%,5
йхк,0,1,0%,5
тест ечиш,0,1,0%,5
тест саволлари ва жавоблари,0,1,0%,5
avto shablon,0,1,0%,6
avtotest uz скачать на компьютер,0,1,0%,6
e afto maktab.uz,0,1,0%,6
e.avtomaktab.uz,0,1,0%,6
onlayn prava olish,0,1,0%,6
test 2026,0,1,0%,6
tez prava.uz,0,1,0%,6
yo'l harakati qoidalari skachat kompyuter uchun,0,1,0%,6
ypx sayti,0,1,0%,6
руль онлайн,0,1,0%,6
avta,0,1,0%,7
prava online,0,1,0%,7
ptest uz скачать,0,1,0%,7
sinov test uz,0,1,0%,7
test baza,0,1,0%,7
yol harakati qoidalari skachat kompyuter,0,1,0%,7
yoʻl harakati qoidalari,0,1,0%,7
тест права,0,1,0%,7
avto express,0,1,0%,8
e avto ta'lim,0,1,0%,8
online pravaga o'qish,0,1,0%,8
prava nazariy imtihon,0,1,0%,8
pravaga imtihon topshirish,0,1,0%,8
premier avtotest,0,1,0%,8
test 2025 uz,0,1,0%,8
uz ru test,0,1,0%,8
yodla avto test,0,1,0%,8
авто уз,0,1,0%,8
автомактаб е,0,1,0%,8
aralash test,0,1,0%,9
rul online,0,1,0%,9
еavtomaktab,0,1,0%,9
огохлантириш белгилари,0,1,0%,9
рули онлайн тест,0,1,0%,9
2026 egzamin savollari,0,1,0%,10
haydovchilik guvohnomasi bazasi,0,1,0%,10
oson pirava,0,1,0%,10
ta'lim va hukumat loyihalari uchun eng yaxshi avtomobil demo platformasi,0,1,0%,10
testlar yechish,0,1,0%,10
yol harakati,0,1,0%,10
тес,0,1,0%,11
avto test markazi narxi,0,1,0%,12
osonprava,0,1,0%,13
testlar,0,1,0%,16
ichki ishlar test savollari,0,1,0%,17
йул харакати коидалари,0,1,0%,17
rulionline uz,0,1,0%,21
avtoskola online,0,1,0%,27